{"cameraMode":{"drawMode":0,"name":"Shaded","section":"Shading Mode"},"sceneLighting":true,"audioPlay":false,"sceneViewState":{"m_AlwaysRefresh":false,"showFog":true,"showSkybox":true,"showFlares":true,"showImageEffects":true,"showParticleSystems":true,"showVisualEffectGraphs":true,"m_FxEnabled":true},"in2DMode":false,"pivot":{"x":-31.385211944580079,"y":-5.027247428894043,"z":110.59182739257813},"rotation":{"x":-0.21421152353286744,"y":0.45018357038497927,"z":-0.11217979341745377,"w":-0.8597037196159363},"size":25.313560485839845,"orthographic":true}